,date,fips,mmwr_week,recip_county,recip_state,series_complete_pop_pct,series_complete_yes,series_complete_12plus,series_complete_12pluspop,series_complete_18plus,series_complete_18pluspop,series_complete_65plus,series_complete_65pluspop,completeness_pct,administered_dose1_recip,administered_dose1_pop_pct,administered_dose1_recip_12plus,administered_dose1_recip_12pluspop_pct,administered_dose1_recip_18plus,administered_dose1_recip_18pluspop_pct,administered_dose1_recip_65plus,administered_dose1_recip_65pluspop_pct,svi_ctgy,series_complete_pop_pct_svi,series_complete_12pluspop_pct_svi,series_complete_18pluspop_pct_svi,series_complete_65pluspop_pct_svi
282,2020-12-13T00:00:00.000,36027,51,Dutchess County,NY,0,0,0,0,0,0,0,0,0,,0,,0,,0,,0,Low-Mod,,,,
281,2020-12-14T00:00:00.000,36027,51,Dutchess County,NY,0,0,0,0,0,0,0,0,0,,0,,0,,0,,0,Low-Mod,,,,
280,2020-12-15T00:00:00.000,36027,51,Dutchess County,NY,0,0,0,0,0,0,0,0,0,,0,,0,,0,,0,Low-Mod,,,,
279,2020-12-16T00:00:00.000,36027,51,Dutchess County,NY,0,0,0,0,0,0,0,0,0,,0,,0,,0,,0,Low-Mod,,,,
278,2020-12-17T00:00:00.000,36027,51,Dutchess County,NY,0,0,0,0,0,0,0,0,0,,0,,0,,0,,0,Low-Mod,,,,
277,2020-12-18T00:00:00.000,36027,51,Dutchess County,NY,0,0,0,0,0,0,0,0,0,,0,,0,,0,,0,Low-Mod,,,,
276,2020-12-19T00:00:00.000,36027,51,Dutchess County,NY,0,0,0,0,0,0,0,0,0,,0,,0,,0,,0,Low-Mod,,,,
275,2020-12-20T00:00:00.000,36027,52,Dutchess County,NY,0,0,0,0,0,0,0,0,0,,0,,0,,0,,0,Low-Mod,,,,
274,2020-12-21T00:00:00.000,36027,52,Dutchess County,NY,0,0,0,0,0,0,0,0,0,,0,,0,,0,,0,Low-Mod,,,,
273,2020-12-22T00:00:00.000,36027,52,Dutchess County,NY,0,0,0,0,0,0,0,0,0,,0,,0,,0,,0,Low-Mod,,,,
272,2020-12-23T00:00:00.000,36027,52,Dutchess County,NY,0,0,0,0,0,0,0,0,0,,0,,0,,0,,0,Low-Mod,,,,
271,2020-12-24T00:00:00.000,36027,52,Dutchess County,NY,0,0,0,0,0,0,0,0,0,,0,,0,,0,,0,Low-Mod,,,,
270,2020-12-25T00:00:00.000,36027,52,Dutchess County,NY,0,0,0,0,0,0,0,0,0,,0,,0,,0,,0,Low-Mod,,,,
269,2020-12-26T00:00:00.000,36027,52,Dutchess County,NY,0,0,0,0,0,0,0,0,0,,0,,0,,0,,0,Low-Mod,,,,
268,2020-12-27T00:00:00.000,36027,53,Dutchess County,NY,0,0,0,0,0,0,0,0,0,,0,,0,,0,,0,Low-Mod,,,,
267,2020-12-28T00:00:00.000,36027,53,Dutchess County,NY,0,0,0,0,0,0,0,0,0,,0,,0,,0,,0,Low-Mod,,,,
266,2020-12-29T00:00:00.000,36027,53,Dutchess County,NY,0,0,0,0,0,0,0,0,0,,0,,0,,0,,0,Low-Mod,,,,
265,2020-12-30T00:00:00.000,36027,53,Dutchess County,NY,0,0,0,0,0,0,0,0,0,,0,,0,,0,,0,Low-Mod,,,,
264,2020-12-31T00:00:00.000,36027,53,Dutchess County,NY,0,0,0,0,0,0,0,0,0,,0,,0,,0,,0,Low-Mod,,,,
263,2021-01-01T00:00:00.000,36027,53,Dutchess County,NY,0,0,0,0,0,0,0,0,0,,0,,0,,0,,0,Low-Mod,,,,
262,2021-01-02T00:00:00.000,36027,53,Dutchess County,NY,0,0,0,0,0,0,0,0,0,,0,,0,,0,,0,Low-Mod,,,,
261,2021-01-03T00:00:00.000,36027,1,Dutchess County,NY,0,0,0,0,0,0,0,0,0,,0,,0,,0,,0,Low-Mod,,,,
260,2021-01-04T00:00:00.000,36027,1,Dutchess County,NY,0,0,0,0,0,0,0,0,0,,0,,0,,0,,0,Low-Mod,,,,
259,2021-01-05T00:00:00.000,36027,1,Dutchess County,NY,0,0,0,0,0,0,0,0,0,,0,,0,,0,,0,Low-Mod,,,,
258,2021-01-06T00:00:00.000,36027,1,Dutchess County,NY,0,0,0,0,0,0,0,0,0,,0,,0,,0,,0,Low-Mod,,,,
257,2021-01-07T00:00:00.000,36027,1,Dutchess County,NY,0,0,0,0,0,0,0,0,0,,0,,0,,0,,0,Low-Mod,,,,
256,2021-01-08T00:00:00.000,36027,1,Dutchess County,NY,0,0,0,0,0,0,0,0,0,,0,,0,,0,,0,Low-Mod,,,,
255,2021-01-09T00:00:00.000,36027,1,Dutchess County,NY,0.1,195,195,0.1,195,0.1,15,0,91.3,5220,1.8,5220,2,5217,2.2,1263,2.4,Low-Mod,Low VC/Low-Mod SVI,Low VC/Low-Mod SVI,Low VC/Low-Mod SVI,Low VC/Low-Mod SVI
254,2021-01-10T00:00:00.000,36027,2,Dutchess County,NY,0.1,347,347,0.1,347,0.1,33,0.1,91.3,6598,2.2,6598,2.5,6595,2.8,1574,2.9,Low-Mod,Low VC/Low-Mod SVI,Low VC/Low-Mod SVI,Low VC/Low-Mod SVI,Low VC/Low-Mod SVI
253,2021-01-11T00:00:00.000,36027,2,Dutchess County,NY,0.1,438,438,0.2,438,0.2,39,0.1,91.3,7246,2.5,7246,2.8,7242,3,1635,3.1,Low-Mod,Low VC/Low-Mod SVI,Low VC/Low-Mod SVI,Low VC/Low-Mod SVI,Low VC/Low-Mod SVI
252,2021-01-12T00:00:00.000,36027,2,Dutchess County,NY,0.2,464,464,0.2,464,0.2,41,0.1,91.6,7687,2.6,7687,3,7683,3.2,1690,3.2,Low-Mod,Low VC/Low-Mod SVI,Low VC/Low-Mod SVI,Low VC/Low-Mod SVI,Low VC/Low-Mod SVI
251,2021-01-13T00:00:00.000,36027,2,Dutchess County,NY,0.2,507,507,0.2,507,0.2,44,0.1,92.3,8076,2.7,8076,3.1,8072,3.4,1784,3.3,Low-Mod,Low VC/Low-Mod SVI,Low VC/Low-Mod SVI,Low VC/Low-Mod SVI,Low VC/Low-Mod SVI
250,2021-01-14T00:00:00.000,36027,2,Dutchess County,NY,0.2,595,595,0.2,595,0.2,51,0.1,93,8698,3,8698,3.3,8694,3.6,2020,3.8,Low-Mod,Low VC/Low-Mod SVI,Low VC/Low-Mod SVI,Low VC/Low-Mod SVI,Low VC/Low-Mod SVI
249,2021-01-15T00:00:00.000,36027,2,Dutchess County,NY,0.2,662,662,0.3,662,0.3,57,0.1,93.4,9022,3.1,9022,3.5,9018,3.8,2149,4,Low-Mod,Low VC/Low-Mod SVI,Low VC/Low-Mod SVI,Low VC/Low-Mod SVI,Low VC/Low-Mod SVI
248,2021-01-16T00:00:00.000,36027,2,Dutchess County,NY,0.2,714,714,0.3,714,0.3,63,0.1,93.2,9328,3.2,9328,3.6,9324,3.9,2281,4.3,Low-Mod,Low VC/Low-Mod SVI,Low VC/Low-Mod SVI,Low VC/Low-Mod SVI,Low VC/Low-Mod SVI
247,2021-01-17T00:00:00.000,36027,3,Dutchess County,NY,0.3,838,838,0.3,838,0.4,105,0.2,93.9,9973,3.4,9973,3.8,9969,4.2,2558,4.8,Low-Mod,Low VC/Low-Mod SVI,Low VC/Low-Mod SVI,Low VC/Low-Mod SVI,Low VC/Low-Mod SVI
246,2021-01-18T00:00:00.000,36027,3,Dutchess County,NY,0.4,1087,1087,0.4,1087,0.5,240,0.4,93.9,10566,3.6,10566,4.1,10560,4.4,2860,5.4,Low-Mod,Low VC/Low-Mod SVI,Low VC/Low-Mod SVI,Low VC/Low-Mod SVI,Low VC/Low-Mod SVI
245,2021-01-19T00:00:00.000,36027,3,Dutchess County,NY,0.4,1097,1097,0.4,1097,0.5,245,0.5,93.9,11152,3.8,11152,4.3,11146,4.7,3084,5.8,Low-Mod,Low VC/Low-Mod SVI,Low VC/Low-Mod SVI,Low VC/Low-Mod SVI,Low VC/Low-Mod SVI
244,2021-01-20T00:00:00.000,36027,3,Dutchess County,NY,0.4,1235,1235,0.5,1235,0.5,299,0.6,93.8,11472,3.9,11472,4.4,11466,4.8,3205,6,Low-Mod,Low VC/Low-Mod SVI,Low VC/Low-Mod SVI,Low VC/Low-Mod SVI,Low VC/Low-Mod SVI
243,2021-01-21T00:00:00.000,36027,3,Dutchess County,NY,0.5,1449,1449,0.6,1449,0.6,343,0.6,94,12292,4.2,12291,4.7,12285,5.1,3585,6.7,Low-Mod,Low VC/Low-Mod SVI,Low VC/Low-Mod SVI,Low VC/Low-Mod SVI,Low VC/Low-Mod SVI
242,2021-01-22T00:00:00.000,36027,3,Dutchess County,NY,0.6,1754,1754,0.7,1754,0.7,387,0.7,94,12778,4.3,12777,4.9,12771,5.3,3814,7.1,Low-Mod,Low VC/Low-Mod SVI,Low VC/Low-Mod SVI,Low VC/Low-Mod SVI,Low VC/Low-Mod SVI
241,2021-01-23T00:00:00.000,36027,3,Dutchess County,NY,0.7,2036,2036,0.8,2036,0.9,475,0.9,93.8,13346,4.5,13345,5.1,13339,5.6,4148,7.8,Low-Mod,Low VC/Low-Mod SVI,Low VC/Low-Mod SVI,Low VC/Low-Mod SVI,Low VC/Low-Mod SVI
240,2021-01-24T00:00:00.000,36027,4,Dutchess County,NY,0.8,2274,2274,0.9,2274,1,583,1.1,93.6,14545,4.9,14544,5.6,14538,6.1,4774,8.9,Low-Mod,Low VC/Low-Mod SVI,Low VC/Low-Mod SVI,Low VC/Low-Mod SVI,Low VC/Low-Mod SVI
239,2021-01-25T00:00:00.000,36027,4,Dutchess County,NY,0.8,2370,2370,0.9,2369,1,636,1.2,93.7,14910,5.1,14909,5.7,14903,6.2,5031,9.4,Low-Mod,Low VC/Low-Mod SVI,Low VC/Low-Mod SVI,Low VC/Low-Mod SVI,Low VC/Low-Mod SVI
238,2021-01-26T00:00:00.000,36027,4,Dutchess County,NY,0.8,2433,2433,0.9,2432,1,647,1.2,93.7,15367,5.2,15366,5.9,15360,6.4,5272,9.9,Low-Mod,Low VC/Low-Mod SVI,Low VC/Low-Mod SVI,Low VC/Low-Mod SVI,Low VC/Low-Mod SVI
237,2021-01-27T00:00:00.000,36027,4,Dutchess County,NY,0.9,2605,2605,1,2604,1.1,669,1.3,93.8,15782,5.4,15781,6.1,15775,6.6,5496,10.3,Low-Mod,Low VC/Low-Mod SVI,Low VC/Low-Mod SVI,Low VC/Low-Mod SVI,Low VC/Low-Mod SVI
236,2021-01-28T00:00:00.000,36027,4,Dutchess County,NY,1,2946,2946,1.1,2944,1.2,751,1.4,93.8,16229,5.5,16228,6.2,16222,6.8,5770,10.8,Low-Mod,Low VC/Low-Mod SVI,Low VC/Low-Mod SVI,Low VC/Low-Mod SVI,Low VC/Low-Mod SVI
235,2021-01-29T00:00:00.000,36027,4,Dutchess County,NY,1.1,3327,3327,1.3,3325,1.4,834,1.6,93.6,16571,5.6,16570,6.4,16563,6.9,6000,11.2,Low-Mod,Low VC/Low-Mod SVI,Low VC/Low-Mod SVI,Low VC/Low-Mod SVI,Low VC/Low-Mod SVI
234,2021-01-30T00:00:00.000,36027,4,Dutchess County,NY,1.2,3641,3640,1.4,3638,1.5,891,1.7,93.8,17197,5.8,17196,6.6,17188,7.2,6315,11.8,Low-Mod,Low VC/Low-Mod SVI,Low VC/Low-Mod SVI,Low VC/Low-Mod SVI,Low VC/Low-Mod SVI
233,2021-01-31T00:00:00.000,36027,5,Dutchess County,NY,1.3,3912,3911,1.5,3908,1.6,977,1.8,93.8,17839,6.1,17838,6.9,17830,7.5,6589,12.3,Low-Mod,Low VC/Low-Mod SVI,Low VC/Low-Mod SVI,Low VC/Low-Mod SVI,Low VC/Low-Mod SVI
232,2021-02-01T00:00:00.000,36027,5,Dutchess County,NY,1.4,4098,4097,1.6,4094,1.7,998,1.9,93.9,18008,6.1,18007,6.9,17999,7.5,6674,12.5,Low-Mod,Low VC/Low-Mod SVI,Low VC/Low-Mod SVI,Low VC/Low-Mod SVI,Low VC/Low-Mod SVI
231,2021-02-02T00:00:00.000,36027,5,Dutchess County,NY,1.4,4193,4192,1.6,4189,1.8,1006,1.9,93.8,18198,6.2,18197,7,18189,7.6,6749,12.6,Low-Mod,Low VC/Low-Mod SVI,Low VC/Low-Mod SVI,Low VC/Low-Mod SVI,Low VC/Low-Mod SVI
230,2021-02-03T00:00:00.000,36027,5,Dutchess County,NY,1.5,4414,4413,1.7,4410,1.8,1032,1.9,93.8,18414,6.3,18413,7.1,18404,7.7,6891,12.9,Low-Mod,Low VC/Low-Mod SVI,Low VC/Low-Mod SVI,Low VC/Low-Mod SVI,Low VC/Low-Mod SVI
229,2021-02-04T00:00:00.000,36027,5,Dutchess County,NY,1.6,4670,4669,1.8,4666,1.9,1093,2,93.8,18530,6.3,18529,7.1,18520,7.7,6956,13,Low-Mod,Low VC/Low-Mod SVI,Low VC/Low-Mod SVI,Low VC/Low-Mod SVI,Low VC/Low-Mod SVI
228,2021-02-05T00:00:00.000,36027,5,Dutchess County,NY,1.8,5287,5286,2,5283,2.2,1183,2.2,94.1,18745,6.4,18744,7.2,18735,7.8,7066,13.2,Low-Mod,Low VC/Low-Mod SVI,Low VC/Low-Mod SVI,Low VC/Low-Mod SVI,Low VC/Low-Mod SVI
227,2021-02-06T00:00:00.000,36027,5,Dutchess County,NY,2,5971,5970,2.3,5967,2.5,1299,2.4,94.2,19461,6.6,19460,7.5,19451,8.1,7475,14,Low-Mod,Low VC/Low-Mod SVI,Low VC/Low-Mod SVI,Low VC/Low-Mod SVI,Low VC/Low-Mod SVI
226,2021-02-07T00:00:00.000,36027,6,Dutchess County,NY,2.4,6959,6958,2.7,6954,2.9,1507,2.8,94.4,20130,6.8,20129,7.7,20120,8.4,7841,14.7,Low-Mod,Low VC/Low-Mod SVI,Low VC/Low-Mod SVI,Low VC/Low-Mod SVI,Low VC/Low-Mod SVI
225,2021-02-08T00:00:00.000,36027,6,Dutchess County,NY,2.6,7608,7607,2.9,7603,3.2,1664,3.1,94.6,20907,7.1,20906,8,20897,8.7,8325,15.6,Low-Mod,Low VC/Low-Mod SVI,Low VC/Low-Mod SVI,Low VC/Low-Mod SVI,Low VC/Low-Mod SVI
224,2021-02-09T00:00:00.000,36027,6,Dutchess County,NY,2.6,7751,7750,3,7746,3.2,1706,3.2,94.6,21208,7.2,21207,8.2,21197,8.9,8492,15.9,Low-Mod,Low VC/Low-Mod SVI,Low VC/Low-Mod SVI,Low VC/Low-Mod SVI,Low VC/Low-Mod SVI
223,2021-02-10T00:00:00.000,36027,6,Dutchess County,NY,2.8,8275,8274,3.2,8270,3.5,1933,3.6,94.8,21867,7.4,21866,8.4,21856,9.1,8877,16.6,Low-Mod,Low VC/Low-Mod SVI,Low VC/Low-Mod SVI,Low VC/Low-Mod SVI,Low VC/Low-Mod SVI
222,2021-02-11T00:00:00.000,36027,6,Dutchess County,NY,3,8826,8825,3.4,8821,3.7,2184,4.1,95,22346,7.6,22345,8.6,22335,9.3,9171,17.2,Low-Mod,Low VC/Low-Mod SVI,Low VC/Low-Mod SVI,Low VC/Low-Mod SVI,Low VC/Low-Mod SVI
221,2021-02-12T00:00:00.000,36027,6,Dutchess County,NY,3.2,9314,9313,3.6,9309,3.9,2390,4.5,95.1,22837,7.8,22836,8.8,22826,9.5,9469,17.7,Low-Mod,Low VC/Low-Mod SVI,Low VC/Low-Mod SVI,Low VC/Low-Mod SVI,Low VC/Low-Mod SVI
220,2021-02-13T00:00:00.000,36027,6,Dutchess County,NY,3.5,10165,10164,3.9,10160,4.2,2809,5.3,95.2,23686,8.1,23685,9.1,23675,9.9,10061,18.8,Low-Mod,Low VC/Low-Mod SVI,Low VC/Low-Mod SVI,Low VC/Low-Mod SVI,Low VC/Low-Mod SVI
219,2021-02-14T00:00:00.000,36027,7,Dutchess County,NY,3.6,10519,10518,4,10513,4.4,3023,5.7,95.3,24312,8.3,24311,9.3,24301,10.2,10490,19.6,Low-Mod,Low VC/Low-Mod SVI,Low VC/Low-Mod SVI,Low VC/Low-Mod SVI,Low VC/Low-Mod SVI
218,2021-02-15T00:00:00.000,36027,7,Dutchess County,NY,3.7,10987,10986,4.2,10981,4.6,3258,6.1,95.4,25095,8.5,25094,9.6,25083,10.5,10954,20.5,Low-Mod,Low VC/Low-Mod SVI,Low VC/Low-Mod SVI,Low VC/Low-Mod SVI,Low VC/Low-Mod SVI
217,2021-02-16T00:00:00.000,36027,7,Dutchess County,NY,3.8,11258,11257,4.3,11252,4.7,3378,6.3,95.4,25549,8.7,25548,9.8,25537,10.7,11305,21.2,Low-Mod,Low VC/Low-Mod SVI,Low VC/Low-Mod SVI,Low VC/Low-Mod SVI,Low VC/Low-Mod SVI
216,2021-02-17T00:00:00.000,36027,7,Dutchess County,NY,3.9,11497,11496,4.4,11491,4.8,3467,6.5,95.4,26144,8.9,26143,10.1,26131,10.9,11686,21.9,Low-Mod,Low VC/Low-Mod SVI,Low VC/Low-Mod SVI,Low VC/Low-Mod SVI,Low VC/Low-Mod SVI
215,2021-02-18T00:00:00.000,36027,7,Dutchess County,NY,4,11842,11841,4.6,11836,4.9,3673,6.9,95.5,26608,9,26607,10.2,26594,11.1,12008,22.5,Low-Mod,Low VC/Low-Mod SVI,Low VC/Low-Mod SVI,Low VC/Low-Mod SVI,Low VC/Low-Mod SVI
214,2021-02-19T00:00:00.000,36027,7,Dutchess County,NY,4.3,12518,12517,4.8,12511,5.2,4045,7.6,95.6,27826,9.5,27825,10.7,27811,11.6,12725,23.8,Low-Mod,Low VC/Low-Mod SVI,Low VC/Low-Mod SVI,Low VC/Low-Mod SVI,Low VC/Low-Mod SVI
213,2021-02-20T00:00:00.000,36027,7,Dutchess County,NY,4.4,12909,12908,5,12902,5.4,4269,8,95.6,28314,9.6,28313,10.9,28299,11.8,13078,24.5,Low-Mod,Low VC/Low-Mod SVI,Low VC/Low-Mod SVI,Low VC/Low-Mod SVI,Low VC/Low-Mod SVI
212,2021-02-21T00:00:00.000,36027,8,Dutchess County,NY,4.5,13305,13304,5.1,13298,5.6,4508,8.4,95.7,28788,9.8,28787,11.1,28773,12,13379,25.1,Low-Mod,Low VC/Low-Mod SVI,Low VC/Low-Mod SVI,Low VC/Low-Mod SVI,Low VC/Low-Mod SVI
211,2021-02-22T00:00:00.000,36027,8,Dutchess County,NY,4.8,13976,13975,5.4,13969,5.8,4887,9.2,95.7,29222,9.9,29221,11.2,29207,12.2,13664,25.6,Low-Mod,Low VC/Low-Mod SVI,Low VC/Low-Mod SVI,Low VC/Low-Mod SVI,Low VC/Low-Mod SVI
210,2021-02-23T00:00:00.000,36027,8,Dutchess County,NY,4.9,14531,14530,5.6,14524,6.1,5203,9.7,95.7,29604,10.1,29603,11.4,29589,12.4,13862,26,Low-Mod,Low VC/Low-Mod SVI,Low VC/Low-Mod SVI,Low VC/Low-Mod SVI,Low VC/Low-Mod SVI
209,2021-02-24T00:00:00.000,36027,8,Dutchess County,NY,5,14795,14794,5.7,14788,6.2,5348,10,95.7,29921,10.2,29920,11.5,29906,12.5,14019,26.3,Low-Mod,Low VC/Low-Mod SVI,Low VC/Low-Mod SVI,Low VC/Low-Mod SVI,Low VC/Low-Mod SVI
208,2021-02-25T00:00:00.000,36027,8,Dutchess County,NY,5.1,14971,14970,5.8,14964,6.3,5459,10.2,95.7,30247,10.3,30246,11.6,30232,12.6,14170,26.5,Low-Mod,Low VC/Low-Mod SVI,Low VC/Low-Mod SVI,Low VC/Low-Mod SVI,Low VC/Low-Mod SVI
207,2021-02-26T00:00:00.000,36027,8,Dutchess County,NY,5.2,15267,15266,5.9,15260,6.4,5664,10.6,95.8,30908,10.5,30907,11.9,30893,12.9,14362,26.9,Low-Mod,Low VC/Low-Mod SVI,Low VC/Low-Mod SVI,Low VC/Low-Mod SVI,Low VC/Low-Mod SVI
206,2021-02-27T00:00:00.000,36027,8,Dutchess County,NY,5.3,15697,15696,6,15690,6.6,5887,11,95.8,31498,10.7,31497,12.1,31483,13.2,14699,27.5,Low-Mod,Low VC/Low-Mod SVI,Low VC/Low-Mod SVI,Low VC/Low-Mod SVI,Low VC/Low-Mod SVI
205,2021-02-28T00:00:00.000,36027,9,Dutchess County,NY,5.6,16524,16523,6.4,16517,6.9,6381,11.9,95.8,32703,11.1,32702,12.6,32685,13.7,15215,28.5,Low-Mod,Low VC/Low-Mod SVI,Low VC/Low-Mod SVI,Low VC/Low-Mod SVI,Low VC/Low-Mod SVI
204,2021-03-01T00:00:00.000,36027,9,Dutchess County,NY,5.7,16823,16822,6.5,16816,7,6568,12.3,95.9,34126,11.6,34125,13.1,34107,14.3,15969,29.9,Low-Mod,Low VC/Low-Mod SVI,Low VC/Low-Mod SVI,Low VC/Low-Mod SVI,Low VC/Low-Mod SVI
203,2021-03-02T00:00:00.000,36027,9,Dutchess County,NY,5.9,17378,17377,6.7,17370,7.3,6964,13,95.8,35355,12,35354,13.6,35335,14.8,16666,31.2,Low-Mod,Low VC/Low-Mod SVI,Low VC/Low-Mod SVI,Low VC/Low-Mod SVI,Low VC/Low-Mod SVI
202,2021-03-03T00:00:00.000,36027,9,Dutchess County,NY,6,17647,17646,6.8,17639,7.4,7118,13.3,95.9,36412,12.4,36411,14,36392,15.2,17396,32.6,Low-Mod,Low VC/Low-Mod SVI,Low VC/Low-Mod SVI,Low VC/Low-Mod SVI,Low VC/Low-Mod SVI
201,2021-03-04T00:00:00.000,36027,9,Dutchess County,NY,6.1,17879,17878,6.9,17871,7.5,7272,13.6,95.9,37655,12.8,37654,14.5,37631,15.7,18179,34,Low-Mod,Low VC/Low-Mod SVI,Low VC/Low-Mod SVI,Low VC/Low-Mod SVI,Low VC/Low-Mod SVI
200,2021-03-05T00:00:00.000,36027,9,Dutchess County,NY,6.2,18231,18230,7,18222,7.6,7460,14,96,38831,13.2,38830,14.9,38805,16.2,18987,35.6,Low-Mod,Low VC/Low-Mod SVI,Low VC/Low-Mod SVI,Low VC/Low-Mod SVI,Low VC/Low-Mod SVI
199,2021-03-06T00:00:00.000,36027,9,Dutchess County,NY,6.5,19102,19101,7.3,19093,8,8020,15,96,41453,14.1,41452,15.9,41399,17.3,20282,38,Low-Mod,Low VC/Low-Mod SVI,Low VC/Low-Mod SVI,Low VC/Low-Mod SVI,Low VC/Low-Mod SVI
198,2021-03-07T00:00:00.000,36027,10,Dutchess County,NY,6.7,19790,19789,7.6,19781,8.3,8301,15.5,96.1,43704,14.9,43702,16.8,43644,18.2,21509,40.3,Low-Mod,Low VC/Low-Mod SVI,Low VC/Low-Mod SVI,Low VC/Low-Mod SVI,Low VC/Low-Mod SVI
197,2021-03-08T00:00:00.000,36027,10,Dutchess County,NY,7,20723,20722,8,20713,8.7,8644,16.2,96.1,46256,15.7,46254,17.8,46186,19.3,22678,42.5,Low-Mod,Low VC/Low-Mod SVI,Low VC/Low-Mod SVI,Low VC/Low-Mod SVI,Low VC/Low-Mod SVI
196,2021-03-09T00:00:00.000,36027,10,Dutchess County,NY,7.2,21313,21312,8.2,21303,8.9,8865,16.6,96.2,47985,16.3,47983,18.4,47912,20,23194,43.4,Low-Mod,Low VC/Low-Mod SVI,Low VC/Low-Mod SVI,Low VC/Low-Mod SVI,Low VC/Low-Mod SVI
195,2021-03-10T00:00:00.000,36027,10,Dutchess County,NY,7.6,22276,22275,8.6,22265,9.3,9327,17.5,96.2,50977,17.3,50975,19.6,50899,21.3,24703,46.3,Low-Mod,Low VC/Low-Mod SVI,Low VC/Low-Mod SVI,Low VC/Low-Mod SVI,Low VC/Low-Mod SVI
194,2021-03-11T00:00:00.000,36027,10,Dutchess County,NY,7.9,23234,23233,8.9,23223,9.7,9882,18.5,96.3,53259,18.1,53257,20.5,53177,22.2,25748,48.2,Low-Mod,Low VC/Low-Mod SVI,Low VC/Low-Mod SVI,Low VC/Low-Mod SVI,Low VC/Low-Mod SVI
193,2021-03-12T00:00:00.000,36027,10,Dutchess County,NY,8.4,24661,24660,9.5,24649,10.3,10598,19.8,96.3,55107,18.7,55105,21.2,55022,23,26628,49.9,Low-Mod,Low VC/Low-Mod SVI,Low VC/Low-Mod SVI,Low VC/Low-Mod SVI,Low VC/Low-Mod SVI
192,2021-03-13T00:00:00.000,36027,10,Dutchess County,NY,8.8,25890,25888,10,25876,10.8,11194,21,96.3,57900,19.7,57897,22.3,57811,24.2,27713,51.9,Low-Mod,Low VC/Low-Mod SVI,Low VC/Low-Mod SVI,Low VC/Low-Mod SVI,Low VC/Low-Mod SVI
191,2021-03-14T00:00:00.000,36027,11,Dutchess County,NY,9.1,26629,26627,10.2,26615,11.1,11665,21.8,96.4,59765,20.3,59762,23,59670,24.9,28549,53.5,Low-Mod,Low VC/Low-Mod SVI,Low VC/Low-Mod SVI,Low VC/Low-Mod SVI,Low VC/Low-Mod SVI
190,2021-03-15T00:00:00.000,36027,11,Dutchess County,NY,9.4,27717,27715,10.7,27703,11.6,12303,23,96.4,61488,20.9,61485,23.6,61386,25.6,29158,54.6,Low-Mod,Low VC/Low-Mod SVI,Low VC/Low-Mod SVI,Low VC/Low-Mod SVI,Low VC/Low-Mod SVI
189,2021-03-16T00:00:00.000,36027,11,Dutchess County,NY,9.6,28224,28222,10.9,28210,11.8,12579,23.6,96.5,62486,21.2,62483,24,62380,26.1,29463,55.2,Low-Mod,Low VC/Low-Mod SVI,Low VC/Low-Mod SVI,Low VC/Low-Mod SVI,Low VC/Low-Mod SVI
188,2021-03-17T00:00:00.000,36027,11,Dutchess County,NY,9.9,29203,29201,11.2,29189,12.2,13205,24.7,96.5,63715,21.7,63712,24.5,63606,26.6,29949,56.1,Low-Mod,Low VC/Low-Mod SVI,Low VC/Low-Mod SVI,Low VC/Low-Mod SVI,Low VC/Low-Mod SVI
187,2021-03-18T00:00:00.000,36027,11,Dutchess County,NY,10.2,29895,29893,11.5,29881,12.5,13692,25.6,96.5,64996,22.1,64993,25,64885,27.1,30416,57,Low-Mod,Low VC/Low-Mod SVI,Low VC/Low-Mod SVI,Low VC/Low-Mod SVI,Low VC/Low-Mod SVI
186,2021-03-19T00:00:00.000,36027,11,Dutchess County,NY,10.4,30601,30599,11.8,30586,12.8,14082,26.4,96.6,66629,22.6,66626,25.6,66516,27.8,30919,57.9,Low-Mod,Low VC/Low-Mod SVI,Low VC/Low-Mod SVI,Low VC/Low-Mod SVI,Low VC/Low-Mod SVI
185,2021-03-20T00:00:00.000,36027,11,Dutchess County,NY,10.6,31204,31202,12,31188,13,14463,27.1,96.6,68960,23.4,68957,26.5,68832,28.8,31384,58.8,Low-Mod,Low VC/Low-Mod SVI,Low VC/Low-Mod SVI,Low VC/Low-Mod SVI,Low VC/Low-Mod SVI
184,2021-03-21T00:00:00.000,36027,12,Dutchess County,NY,10.8,31896,31894,12.3,31879,13.3,14856,27.8,96.7,71183,24.2,71180,27.4,71040,29.7,31907,59.8,Low-Mod,Low VC/Low-Mod SVI,Low VC/Low-Mod SVI,Low VC/Low-Mod SVI,Low VC/Low-Mod SVI
183,2021-03-22T00:00:00.000,36027,12,Dutchess County,NY,11.1,32696,32694,12.6,32678,13.7,15279,28.6,96.7,73102,24.8,73099,28.1,72946,30.5,32317,60.5,Low-Mod,Low VC/Low-Mod SVI,Low VC/Low-Mod SVI,Low VC/Low-Mod SVI,Low VC/Low-Mod SVI
182,2021-03-23T00:00:00.000,36027,12,Dutchess County,NY,11.3,33200,33198,12.8,33181,13.9,15550,29.1,96.8,74087,25.2,74084,28.5,73921,30.9,32513,60.9,Low-Mod,Low VC/Low-Mod SVI,Low VC/Low-Mod SVI,Low VC/Low-Mod SVI,Low VC/Low-Mod SVI
181,2021-03-24T00:00:00.000,36027,12,Dutchess County,NY,11.5,33959,33957,13.1,33940,14.2,15966,29.9,96.8,75446,25.6,75442,29,75275,31.5,32845,61.5,Low-Mod,Low VC/Low-Mod SVI,Low VC/Low-Mod SVI,Low VC/Low-Mod SVI,Low VC/Low-Mod SVI
180,2021-03-25T00:00:00.000,36027,12,Dutchess County,NY,12,35296,35294,13.6,35273,14.7,16377,30.7,96.9,77095,26.2,77091,29.6,76917,32.1,33242,62.3,Low-Mod,Low VC/Low-Mod SVI,Low VC/Low-Mod SVI,Low VC/Low-Mod SVI,Low-Mod VC/Low-Mod SVI
179,2021-03-26T00:00:00.000,36027,12,Dutchess County,NY,12.3,36312,36310,14,36287,15.2,16785,31.4,96.9,78689,26.7,78685,30.3,78502,32.8,33591,62.9,Low-Mod,Low VC/Low-Mod SVI,Low VC/Low-Mod SVI,Low VC/Low-Mod SVI,Low-Mod VC/Low-Mod SVI
178,2021-03-27T00:00:00.000,36027,12,Dutchess County,NY,13.1,38509,38507,14.8,38473,16.1,17696,33.1,97,80994,27.5,80990,31.1,80792,33.8,34045,63.8,Low-Mod,Low VC/Low-Mod SVI,Low VC/Low-Mod SVI,Low VC/Low-Mod SVI,Low-Mod VC/Low-Mod SVI
177,2021-03-28T00:00:00.000,36027,13,Dutchess County,NY,13.6,40124,40122,15.4,40072,16.7,18249,34.2,97,82977,28.2,82973,31.9,82764,34.6,34379,64.4,Low-Mod,Low VC/Low-Mod SVI,Low VC/Low-Mod SVI,Low VC/Low-Mod SVI,Low-Mod VC/Low-Mod SVI
176,2021-03-29T00:00:00.000,36027,13,Dutchess County,NY,14.4,42391,42389,16.3,42330,17.7,19301,36.1,97.1,84492,28.7,84488,32.5,84273,35.2,34568,64.7,Low-Mod,Low VC/Low-Mod SVI,Low VC/Low-Mod SVI,Low VC/Low-Mod SVI,Low-Mod VC/Low-Mod SVI
175,2021-03-30T00:00:00.000,36027,13,Dutchess County,NY,14.7,43301,43299,16.6,43236,18.1,19794,37.1,97.1,85267,29,85263,32.8,85034,35.5,34649,64.9,Low-Mod,Low VC/Low-Mod SVI,Low VC/Low-Mod SVI,Low VC/Low-Mod SVI,Low-Mod VC/Low-Mod SVI
174,2021-03-31T00:00:00.000,36027,13,Dutchess County,NY,15.2,44741,44739,17.2,44673,18.7,20553,38.5,97.2,86632,29.4,86628,33.3,86384,36.1,34878,65.3,Low-Mod,Low VC/Low-Mod SVI,Low VC/Low-Mod SVI,Low VC/Low-Mod SVI,Low-Mod VC/Low-Mod SVI
173,2021-04-01T00:00:00.000,36027,13,Dutchess County,NY,15.7,46119,46116,17.7,46046,19.2,21291,39.9,97.2,89074,30.3,89070,34.2,88816,37.1,35258,66,Low-Mod,Low VC/Low-Mod SVI,Low VC/Low-Mod SVI,Low VC/Low-Mod SVI,Low-Mod VC/Low-Mod SVI
172,2021-04-02T00:00:00.000,36027,13,Dutchess County,NY,17.2,50524,50521,19.4,50451,21.1,23355,43.7,97.2,94114,32,94108,36.2,93834,39.2,37039,69.4,Low-Mod,Low VC/Low-Mod SVI,Low VC/Low-Mod SVI,Low VC/Low-Mod SVI,Low-Mod VC/Low-Mod SVI
171,2021-04-03T00:00:00.000,36027,13,Dutchess County,NY,18.1,53110,53107,20.4,53035,22.2,24867,46.6,97.2,96999,33,96993,37.3,96708,40.4,37385,70,Low-Mod,Low VC/Low-Mod SVI,Low VC/Low-Mod SVI,Low VC/Low-Mod SVI,Low-Mod VC/Low-Mod SVI
170,2021-04-04T00:00:00.000,36027,14,Dutchess County,NY,18.1,53111,53108,20.4,53036,22.2,24867,46.6,97.2,97000,33,96994,37.3,96709,40.4,37385,70,Low-Mod,Low VC/Low-Mod SVI,Low VC/Low-Mod SVI,Low VC/Low-Mod SVI,Low-Mod VC/Low-Mod SVI
169,2021-04-05T00:00:00.000,36027,14,Dutchess County,NY,18.1,53111,53108,20.4,53036,22.2,24867,46.6,97.2,97000,33,96994,37.3,96709,40.4,37385,70,Low-Mod,Low VC/Low-Mod SVI,Low VC/Low-Mod SVI,Low VC/Low-Mod SVI,Low-Mod VC/Low-Mod SVI
168,2021-04-06T00:00:00.000,36027,14,Dutchess County,NY,19.9,58420,58417,22.5,58328,24.4,27454,51.4,97.2,102220,34.7,102214,39.3,101889,42.6,38044,71.2,Low-Mod,Low VC/Low-Mod SVI,Low VC/Low-Mod SVI,Low VC/Low-Mod SVI,Mod-High VC/Low-Mod SVI
167,2021-04-07T00:00:00.000,36027,14,Dutchess County,NY,21.1,62127,62124,23.9,62028,25.9,28716,53.8,97.2,104903,35.7,104897,40.3,104547,43.7,38336,71.8,Low-Mod,Low VC/Low-Mod SVI,Low VC/Low-Mod SVI,Low VC/Low-Mod SVI,Mod-High VC/Low-Mod SVI
166,2021-04-08T00:00:00.000,36027,14,Dutchess County,NY,21.8,64197,64194,24.7,64095,26.8,29308,54.9,97.2,107458,36.5,107452,41.3,107061,44.7,38619,72.3,Low-Mod,Low VC/Low-Mod SVI,Low VC/Low-Mod SVI,Low VC/Low-Mod SVI,Mod-High VC/Low-Mod SVI
165,2021-04-09T00:00:00.000,36027,14,Dutchess County,NY,22.6,66350,66347,25.5,66244,27.7,30072,56.3,97.2,110030,37.4,110024,42.3,109577,45.8,38998,73,Low-Mod,Low VC/Low-Mod SVI,Low VC/Low-Mod SVI,Low VC/Low-Mod SVI,Mod-High VC/Low-Mod SVI
164,2021-04-10T00:00:00.000,36027,14,Dutchess County,NY,23.5,69152,69149,26.6,69034,28.8,30765,57.6,97.1,113187,38.5,113181,43.5,112671,47.1,39332,73.7,Low-Mod,Low VC/Low-Mod SVI,Low VC/Low-Mod SVI,Low VC/Low-Mod SVI,Mod-High VC/Low-Mod SVI
163,2021-04-11T00:00:00.000,36027,15,Dutchess County,NY,24.3,71348,71345,27.4,71212,29.8,31310,58.6,97.1,116585,39.6,116579,44.8,115773,48.4,39525,74,Low-Mod,Low VC/Low-Mod SVI,Low VC/Low-Mod SVI,Low VC/Low-Mod SVI,Mod-High VC/Low-Mod SVI
162,2021-04-12T00:00:00.000,36027,15,Dutchess County,NY,24.7,72747,72744,28,72595,30.3,31590,59.2,97.1,118286,40.2,118280,45.5,117223,49,39621,74.2,Low-Mod,Low VC/Low-Mod SVI,Low VC/Low-Mod SVI,Low-Mod VC/Low-Mod SVI,Mod-High VC/Low-Mod SVI
161,2021-04-13T00:00:00.000,36027,15,Dutchess County,NY,25.2,74184,74181,28.5,74028,30.9,31832,59.6,97.1,119973,40.8,119967,46.1,118835,49.7,39789,74.5,Low-Mod,Low VC/Low-Mod SVI,Low VC/Low-Mod SVI,Low-Mod VC/Low-Mod SVI,Mod-High VC/Low-Mod SVI
160,2021-04-14T00:00:00.000,36027,15,Dutchess County,NY,25.7,75604,75601,29.1,75446,31.5,32137,60.2,97.1,121527,41.3,121521,46.7,120322,50.3,39935,74.8,Low-Mod,Low VC/Low-Mod SVI,Low VC/Low-Mod SVI,Low-Mod VC/Low-Mod SVI,Mod-High VC/Low-Mod SVI
159,2021-04-15T00:00:00.000,36027,15,Dutchess County,NY,26.3,77281,77278,29.7,77114,32.2,32576,61,97.1,123931,42.1,123925,47.6,122653,51.2,40168,75.2,Low-Mod,Low VC/Low-Mod SVI,Low VC/Low-Mod SVI,Low-Mod VC/Low-Mod SVI,Mod-High VC/Low-Mod SVI
158,2021-04-16T00:00:00.000,36027,15,Dutchess County,NY,26.9,79191,79188,30.4,79012,33,33087,62,97.1,125170,42.5,125164,48.1,123869,51.8,40343,75.6,Low-Mod,Low VC/Low-Mod SVI,Low-Mod VC/Low-Mod SVI,Low-Mod VC/Low-Mod SVI,Mod-High VC/Low-Mod SVI
157,2021-04-17T00:00:00.000,36027,15,Dutchess County,NY,27.6,81349,81346,31.3,81159,33.9,33576,62.9,97.1,126185,42.9,126179,48.5,124855,52.2,40425,75.7,Low-Mod,Low VC/Low-Mod SVI,Low-Mod VC/Low-Mod SVI,Low-Mod VC/Low-Mod SVI,Mod-High VC/Low-Mod SVI
156,2021-04-18T00:00:00.000,36027,16,Dutchess County,NY,28.3,83326,83323,32,83126,34.7,33907,63.5,97.1,127407,43.3,127401,49,126026,52.7,40529,75.9,Low-Mod,Low VC/Low-Mod SVI,Low-Mod VC/Low-Mod SVI,Low-Mod VC/Low-Mod SVI,Mod-High VC/Low-Mod SVI
155,2021-04-19T00:00:00.000,36027,16,Dutchess County,NY,28.7,84450,84447,32.5,84240,35.2,34067,63.8,97.1,128293,43.6,128287,49.3,126864,53,40591,76,Low-Mod,Low VC/Low-Mod SVI,Low-Mod VC/Low-Mod SVI,Low-Mod VC/Low-Mod SVI,Mod-High VC/Low-Mod SVI
154,2021-04-20T00:00:00.000,36027,16,Dutchess County,NY,29,85363,85360,32.8,85138,35.6,34240,64.1,97.1,129018,43.9,129012,49.6,127543,53.3,40677,76.2,Low-Mod,Low VC/Low-Mod SVI,Low-Mod VC/Low-Mod SVI,Low-Mod VC/Low-Mod SVI,Mod-High VC/Low-Mod SVI
153,2021-04-21T00:00:00.000,36027,16,Dutchess County,NY,29.5,86770,86767,33.4,86536,36.2,34553,64.7,97.1,129940,44.2,129934,50,128422,53.7,40803,76.4,Low-Mod,Low VC/Low-Mod SVI,Low-Mod VC/Low-Mod SVI,Low-Mod VC/Low-Mod SVI,Mod-High VC/Low-Mod SVI
152,2021-04-22T00:00:00.000,36027,16,Dutchess County,NY,30,88279,88275,33.9,88034,36.8,34899,65.4,97.1,131701,44.8,131694,50.6,130145,54.4,41030,76.8,Low-Mod,Low-Mod VC/Low-Mod SVI,Low-Mod VC/Low-Mod SVI,Low-Mod VC/Low-Mod SVI,Mod-High VC/Low-Mod SVI
151,2021-04-23T00:00:00.000,36027,16,Dutchess County,NY,30.6,90161,90157,34.7,89903,37.6,35183,65.9,97.1,132925,45.2,132917,51.1,131330,54.9,41225,77.2,Low-Mod,Low-Mod VC/Low-Mod SVI,Low-Mod VC/Low-Mod SVI,Low-Mod VC/Low-Mod SVI,Mod-High VC/Low-Mod SVI
150,2021-04-24T00:00:00.000,36027,16,Dutchess County,NY,31.3,92035,92031,35.4,91762,38.3,35491,66.5,97.1,134334,45.7,134326,51.6,132697,55.4,41379,77.5,Low-Mod,Low-Mod VC/Low-Mod SVI,Low-Mod VC/Low-Mod SVI,Low-Mod VC/Low-Mod SVI,Mod-High VC/Low-Mod SVI
149,2021-04-25T00:00:00.000,36027,17,Dutchess County,NY,31.8,93706,93702,36,93420,39,35699,66.9,97.1,135460,46,135452,52.1,133772,55.9,41474,77.7,Low-Mod,Low-Mod VC/Low-Mod SVI,Low-Mod VC/Low-Mod SVI,Low-Mod VC/Low-Mod SVI,Mod-High VC/Low-Mod SVI
148,2021-04-26T00:00:00.000,36027,17,Dutchess County,NY,32.2,94864,94860,36.5,94566,39.5,35787,67,97.1,136007,46.2,135999,52.3,134275,56.1,41520,77.8,Low-Mod,Low-Mod VC/Low-Mod SVI,Low-Mod VC/Low-Mod SVI,Low-Mod VC/Low-Mod SVI,Mod-High VC/Low-Mod SVI
147,2021-04-27T00:00:00.000,36027,17,Dutchess County,NY,32.8,96430,96426,37.1,96118,40.2,36008,67.4,97.1,136613,46.4,136605,52.5,134840,56.3,41599,77.9,Low-Mod,Low-Mod VC/Low-Mod SVI,Low-Mod VC/Low-Mod SVI,Mod-High VC/Low-Mod SVI,Mod-High VC/Low-Mod SVI
146,2021-04-28T00:00:00.000,36027,17,Dutchess County,NY,33.4,98335,98331,37.8,98006,41,36320,68,97.2,137268,46.7,137260,52.8,135463,56.6,41670,78,Low-Mod,Low-Mod VC/Low-Mod SVI,Low-Mod VC/Low-Mod SVI,Mod-High VC/Low-Mod SVI,Mod-High VC/Low-Mod SVI
145,2021-04-29T00:00:00.000,36027,17,Dutchess County,NY,34.2,100528,100524,38.7,100170,41.9,36683,68.7,97.2,138483,47.1,138475,53.2,136650,57.1,42124,78.9,Low-Mod,Low-Mod VC/Low-Mod SVI,Low-Mod VC/Low-Mod SVI,Mod-High VC/Low-Mod SVI,Mod-High VC/Low-Mod SVI
144,2021-04-30T00:00:00.000,36027,17,Dutchess County,NY,34.9,102756,102752,39.5,102342,42.8,36985,69.3,97.2,139404,47.4,139396,53.6,137528,57.5,42305,79.2,Low-Mod,Low-Mod VC/Low-Mod SVI,Low-Mod VC/Low-Mod SVI,Mod-High VC/Low-Mod SVI,Mod-High VC/Low-Mod SVI
143,2021-05-01T00:00:00.000,36027,17,Dutchess County,NY,35.7,105003,104999,40.4,104535,43.7,37210,69.7,97.2,140049,47.6,140041,53.8,138151,57.7,42416,79.4,Low-Mod,Low-Mod VC/Low-Mod SVI,Mod-High VC/Low-Mod SVI,Mod-High VC/Low-Mod SVI,Mod-High VC/Low-Mod SVI
142,2021-05-02T00:00:00.000,36027,18,Dutchess County,NY,36,106050,106046,40.8,105546,44.1,37299,69.8,97.2,140453,47.7,140445,54,138537,57.9,42461,79.5,Low-Mod,Low-Mod VC/Low-Mod SVI,Mod-High VC/Low-Mod SVI,Mod-High VC/Low-Mod SVI,Mod-High VC/Low-Mod SVI
141,2021-05-03T00:00:00.000,36027,18,Dutchess County,NY,36.4,107133,107129,41.2,106557,44.5,37384,70,97.2,140654,47.8,140646,54.1,138721,58,42485,79.6,Low-Mod,Low-Mod VC/Low-Mod SVI,Mod-High VC/Low-Mod SVI,Mod-High VC/Low-Mod SVI,High VC/Low-Mod SVI
140,2021-05-04T00:00:00.000,36027,18,Dutchess County,NY,36.9,108443,108439,41.7,107829,45.1,37563,70.3,97.2,141141,48,141133,54.3,139204,58.2,42655,79.9,Low-Mod,Low-Mod VC/Low-Mod SVI,Mod-High VC/Low-Mod SVI,Mod-High VC/Low-Mod SVI,High VC/Low-Mod SVI
139,2021-05-05T00:00:00.000,36027,18,Dutchess County,NY,37.4,109991,109987,42.3,109325,45.7,37733,70.7,97.2,141747,48.2,141739,54.5,139783,58.4,42796,80.1,Low-Mod,Low-Mod VC/Low-Mod SVI,Mod-High VC/Low-Mod SVI,Mod-High VC/Low-Mod SVI,High VC/Low-Mod SVI
138,2021-05-06T00:00:00.000,36027,18,Dutchess County,NY,38.4,113125,113121,43.5,112025,46.8,37921,71,97.3,143624,48.8,143616,55.2,141294,59,43028,80.6,Low-Mod,Low-Mod VC/Low-Mod SVI,Mod-High VC/Low-Mod SVI,Mod-High VC/Low-Mod SVI,High VC/Low-Mod SVI
137,2021-05-07T00:00:00.000,36027,18,Dutchess County,NY,38.8,114254,114250,43.9,113106,47.3,38054,71.3,97.3,144402,49.1,144394,55.5,142050,59.4,43110,80.7,Low-Mod,Low-Mod VC/Low-Mod SVI,Mod-High VC/Low-Mod SVI,Mod-High VC/Low-Mod SVI,High VC/Low-Mod SVI
136,2021-05-08T00:00:00.000,36027,18,Dutchess County,NY,39.6,116371,116367,44.7,115153,48.1,38276,71.7,97.3,145422,49.4,145413,55.9,142925,59.7,43217,80.9,Low-Mod,Low-Mod VC/Low-Mod SVI,Mod-High VC/Low-Mod SVI,Mod-High VC/Low-Mod SVI,High VC/Low-Mod SVI
135,2021-05-09T00:00:00.000,36027,19,Dutchess County,NY,40,117565,117561,45.2,116290,48.6,38367,71.8,97.3,145840,49.6,145831,56.1,143313,59.9,43271,81,Low-Mod,Mod-High VC/Low-Mod SVI,Mod-High VC/Low-Mod SVI,Mod-High VC/Low-Mod SVI,High VC/Low-Mod SVI
134,2021-05-10T00:00:00.000,36027,19,Dutchess County,NY,40.3,118676,118672,45.6,117335,49,38464,72,97.3,146271,49.7,146262,56.2,143725,60.1,43324,81.1,Low-Mod,Mod-High VC/Low-Mod SVI,Mod-High VC/Low-Mod SVI,Mod-High VC/Low-Mod SVI,High VC/Low-Mod SVI
133,2021-05-11T00:00:00.000,36027,19,Dutchess County,NY,40.7,119795,119791,46.1,118391,49.5,38581,72.3,97.3,146728,49.9,146719,56.4,144150,60.2,43405,81.3,Low-Mod,Mod-High VC/Low-Mod SVI,Mod-High VC/Low-Mod SVI,Mod-High VC/Low-Mod SVI,High VC/Low-Mod SVI
132,2021-05-12T00:00:00.000,36027,19,Dutchess County,NY,41.3,121624,121620,46.8,119962,50.1,38749,72.6,97.3,147203,50,147194,56.6,144598,60.4,43482,81.4,Low-Mod,Mod-High VC/Low-Mod SVI,Mod-High VC/Low-Mod SVI,High VC/Low-Mod SVI,High VC/Low-Mod SVI
131,2021-05-13T00:00:00.000,36027,19,Dutchess County,NY,41.9,123388,123384,47.4,121701,50.9,38927,72.9,97.3,147701,50.2,147692,56.8,145088,60.6,43567,81.6,Low-Mod,Mod-High VC/Low-Mod SVI,Mod-High VC/Low-Mod SVI,High VC/Low-Mod SVI,High VC/Low-Mod SVI
130,2021-05-14T00:00:00.000,36027,19,Dutchess County,NY,42.2,124089,124085,47.7,122377,51.1,39002,73,97.3,148091,50.3,148082,56.9,145445,60.8,43627,81.7,Low-Mod,Mod-High VC/Low-Mod SVI,Mod-High VC/Low-Mod SVI,High VC/Low-Mod SVI,High VC/Low-Mod SVI
129,2021-05-15T00:00:00.000,36027,19,Dutchess County,NY,42.8,125833,125829,48.4,124073,51.8,39429,73.8,97.3,148847,50.6,148838,57.2,146071,61,43716,81.9,Low-Mod,Mod-High VC/Low-Mod SVI,Mod-High VC/Low-Mod SVI,High VC/Low-Mod SVI,High VC/Low-Mod SVI
128,2021-05-16T00:00:00.000,36027,20,Dutchess County,NY,43.1,126789,126785,48.7,124993,52.2,39539,74,97.3,149540,50.8,149531,57.5,146539,61.2,43823,82.1,Low-Mod,Mod-High VC/Low-Mod SVI,Mod-High VC/Low-Mod SVI,High VC/Low-Mod SVI,High VC/Low-Mod SVI
127,2021-05-17T00:00:00.000,36027,20,Dutchess County,NY,43.3,127362,127358,49,125537,52.5,39574,74.1,97.3,149925,51,149916,57.6,146822,61.3,43848,82.1,Low-Mod,Mod-High VC/Low-Mod SVI,Mod-High VC/Low-Mod SVI,High VC/Low-Mod SVI,High VC/Low-Mod SVI
126,2021-05-18T00:00:00.000,36027,20,Dutchess County,NY,43.5,127892,127888,49.2,126036,52.7,39673,74.3,97.3,150758,51.2,150749,58,147275,61.5,43994,82.4,Low-Mod,Mod-High VC/Low-Mod SVI,Mod-High VC/Low-Mod SVI,High VC/Low-Mod SVI,High VC/Low-Mod SVI
125,2021-05-19T00:00:00.000,36027,20,Dutchess County,NY,43.9,129036,129032,49.6,127099,53.1,39839,74.6,97.3,151593,51.5,151583,58.3,147774,61.7,44069,82.5,Low-Mod,Mod-High VC/Low-Mod SVI,Mod-High VC/Low-Mod SVI,High VC/Low-Mod SVI,High VC/Low-Mod SVI
124,2021-05-20T00:00:00.000,36027,20,Dutchess County,NY,44.4,130739,130735,50.3,128772,53.8,40051,75,97.3,152184,51.7,152174,58.5,148214,61.9,44131,82.6,Low-Mod,Mod-High VC/Low-Mod SVI,High VC/Low-Mod SVI,High VC/Low-Mod SVI,High VC/Low-Mod SVI
123,2021-05-21T00:00:00.000,36027,20,Dutchess County,NY,45,132354,132350,50.9,130335,54.5,40260,75.4,97.3,153336,52.1,153326,59,149054,62.3,44238,82.8,Low-Mod,Mod-High VC/Low-Mod SVI,High VC/Low-Mod SVI,High VC/Low-Mod SVI,High VC/Low-Mod SVI
122,2021-05-22T00:00:00.000,36027,20,Dutchess County,NY,45.3,133312,133308,51.3,131278,54.9,40355,75.6,97.3,153885,52.3,153875,59.2,149513,62.5,44289,82.9,Low-Mod,Mod-High VC/Low-Mod SVI,High VC/Low-Mod SVI,High VC/Low-Mod SVI,High VC/Low-Mod SVI
121,2021-05-23T00:00:00.000,36027,21,Dutchess County,NY,45.6,134233,134229,51.6,132171,55.2,40446,75.7,97.3,154452,52.5,154442,59.4,149934,62.6,44334,83,Low-Mod,Mod-High VC/Low-Mod SVI,High VC/Low-Mod SVI,High VC/Low-Mod SVI,High VC/Low-Mod SVI
120,2021-05-24T00:00:00.000,36027,21,Dutchess County,NY,45.7,134522,134518,51.7,132440,55.3,40475,75.8,97.3,154864,52.6,154854,59.5,150169,62.7,44352,83.1,Low-Mod,Mod-High VC/Low-Mod SVI,High VC/Low-Mod SVI,High VC/Low-Mod SVI,High VC/Low-Mod SVI
119,2021-05-25T00:00:00.000,36027,21,Dutchess County,NY,45.9,134899,134895,51.9,132809,55.5,40568,76,97.3,156210,53.1,156200,60.1,150729,63,44424,83.2,Low-Mod,Mod-High VC/Low-Mod SVI,High VC/Low-Mod SVI,High VC/Low-Mod SVI,High VC/Low-Mod SVI
118,2021-05-26T00:00:00.000,36027,21,Dutchess County,NY,46.1,135500,135496,52.1,133401,55.7,40652,76.1,97.3,156813,53.3,156803,60.3,151203,63.2,44481,83.3,Low-Mod,Mod-High VC/Low-Mod SVI,High VC/Low-Mod SVI,High VC/Low-Mod SVI,High VC/Low-Mod SVI
117,2021-05-27T00:00:00.000,36027,21,Dutchess County,NY,46.3,136214,136210,52.4,134082,56,40745,76.3,97.3,157690,53.6,157680,60.6,151767,63.4,44562,83.5,Low-Mod,Mod-High VC/Low-Mod SVI,High VC/Low-Mod SVI,High VC/Low-Mod SVI,High VC/Low-Mod SVI
116,2021-05-28T00:00:00.000,36027,21,Dutchess County,NY,46.5,136799,136795,52.6,134644,56.3,40836,76.5,97.3,158313,53.8,158303,60.9,152286,63.6,44657,83.6,Low-Mod,Mod-High VC/Low-Mod SVI,High VC/Low-Mod SVI,High VC/Low-Mod SVI,High VC/Low-Mod SVI
115,2021-05-29T00:00:00.000,36027,21,Dutchess County,NY,46.7,137443,137439,52.8,135267,56.5,40936,76.7,97.3,158974,54,158964,61.1,152823,63.9,44752,83.8,Low-Mod,Mod-High VC/Low-Mod SVI,High VC/Low-Mod SVI,High VC/Low-Mod SVI,High VC/Low-Mod SVI
114,2021-05-30T00:00:00.000,36027,22,Dutchess County,NY,46.9,138034,138030,53.1,135829,56.8,41018,76.8,97.3,159629,54.3,159619,61.4,153313,64.1,44829,84,Low-Mod,Mod-High VC/Low-Mod SVI,High VC/Low-Mod SVI,High VC/Low-Mod SVI,High VC/Low-Mod SVI
113,2021-05-31T00:00:00.000,36027,22,Dutchess County,NY,47,138296,138292,53.2,136083,56.9,41063,76.9,97.3,160064,54.4,160054,61.5,153672,64.2,44874,84,Low-Mod,Mod-High VC/Low-Mod SVI,High VC/Low-Mod SVI,High VC/Low-Mod SVI,High VC/Low-Mod SVI
112,2021-06-01T00:00:00.000,36027,22,Dutchess County,NY,47.1,138432,138428,53.2,136210,56.9,41111,77,97.3,160206,54.5,160196,61.6,153788,64.3,44888,84.1,Low-Mod,Mod-High VC/Low-Mod SVI,High VC/Low-Mod SVI,High VC/Low-Mod SVI,High VC/Low-Mod SVI
111,2021-06-02T00:00:00.000,36027,22,Dutchess County,NY,47.3,139041,139037,53.5,136688,57.1,41183,77.1,97.3,160598,54.6,160588,61.7,154014,64.4,44910,84.1,Low-Mod,Mod-High VC/Low-Mod SVI,High VC/Low-Mod SVI,High VC/Low-Mod SVI,High VC/Low-Mod SVI
110,2021-06-03T00:00:00.000,36027,22,Dutchess County,NY,47.4,139605,139601,53.7,137241,57.3,41275,77.3,97.3,161063,54.7,161053,61.9,154397,64.5,44955,84.2,Low-Mod,Mod-High VC/Low-Mod SVI,High VC/Low-Mod SVI,High VC/Low-Mod SVI,High VC/Low-Mod SVI
109,2021-06-04T00:00:00.000,36027,22,Dutchess County,NY,47.5,139643,139639,53.7,137276,57.4,41283,77.3,97.3,161106,54.8,161096,61.9,154437,64.5,44963,84.2,Low-Mod,Mod-High VC/Low-Mod SVI,High VC/Low-Mod SVI,High VC/Low-Mod SVI,High VC/Low-Mod SVI
108,2021-06-05T00:00:00.000,36027,22,Dutchess County,NY,47.9,140931,140927,54.2,138386,57.8,41454,77.6,97.3,161949,55,161939,62.3,155102,64.8,45067,84.4,Low-Mod,Mod-High VC/Low-Mod SVI,High VC/Low-Mod SVI,High VC/Low-Mod SVI,High VC/Low-Mod SVI
107,2021-06-06T00:00:00.000,36027,23,Dutchess County,NY,47.9,140966,140962,54.2,138420,57.8,41458,77.6,97.3,161971,55.1,161961,62.3,155122,64.8,45070,84.4,Low-Mod,Mod-High VC/Low-Mod SVI,High VC/Low-Mod SVI,High VC/Low-Mod SVI,High VC/Low-Mod SVI
106,2021-06-07T00:00:00.000,36027,23,Dutchess County,NY,48.3,142027,142023,54.6,138998,58.1,41530,77.8,97.3,162514,55.2,162504,62.5,155535,65,45108,84.5,Low-Mod,Mod-High VC/Low-Mod SVI,High VC/Low-Mod SVI,High VC/Low-Mod SVI,High VC/Low-Mod SVI
105,2021-06-08T00:00:00.000,36027,23,Dutchess County,NY,48.4,142403,142399,54.8,139247,58.2,41566,77.8,97.3,162739,55.3,162729,62.6,155724,65.1,45133,84.5,Low-Mod,Mod-High VC/Low-Mod SVI,High VC/Low-Mod SVI,High VC/Low-Mod SVI,High VC/Low-Mod SVI
104,2021-06-09T00:00:00.000,36027,23,Dutchess County,NY,48.6,142887,142883,54.9,139588,58.3,41629,78,97.4,163042,55.4,163032,62.7,155975,65.2,45179,84.6,Low-Mod,Mod-High VC/Low-Mod SVI,High VC/Low-Mod SVI,High VC/Low-Mod SVI,High VC/Low-Mod SVI
103,2021-06-10T00:00:00.000,36027,23,Dutchess County,NY,48.6,142910,142906,54.9,139605,58.3,41632,78,97.4,163081,55.4,163071,62.7,156007,65.2,45184,84.6,Low-Mod,Mod-High VC/Low-Mod SVI,High VC/Low-Mod SVI,High VC/Low-Mod SVI,High VC/Low-Mod SVI
102,2021-06-11T00:00:00.000,36027,23,Dutchess County,NY,49,144171,144166,55.4,140294,58.6,41716,78.1,97.4,163822,55.7,163812,63,156544,65.4,45244,84.7,Low-Mod,Mod-High VC/Low-Mod SVI,High VC/Low-Mod SVI,High VC/Low-Mod SVI,High VC/Low-Mod SVI
101,2021-06-12T00:00:00.000,36027,23,Dutchess County,NY,49.4,145475,145470,55.9,140897,58.9,41786,78.3,97.4,164230,55.8,164220,63.1,156870,65.5,45296,84.8,Low-Mod,Mod-High VC/Low-Mod SVI,High VC/Low-Mod SVI,High VC/Low-Mod SVI,High VC/Low-Mod SVI
100,2021-06-13T00:00:00.000,36027,24,Dutchess County,NY,49.8,146514,146509,56.3,141661,59.2,41859,78.4,97.4,164707,56,164697,63.3,157285,65.7,45348,84.9,Low-Mod,Mod-High VC/Low-Mod SVI,High VC/Low-Mod SVI,High VC/Low-Mod SVI,High VC/Low-Mod SVI
99,2021-06-14T00:00:00.000,36027,24,Dutchess County,NY,50,147256,147251,56.6,142294,59.5,41982,78.6,97.4,165012,56.1,165002,63.4,157557,65.8,45371,85,Low-Mod,High VC/Low-Mod SVI,High VC/Low-Mod SVI,High VC/Low-Mod SVI,High VC/Low-Mod SVI
98,2021-06-15T00:00:00.000,36027,24,Dutchess County,NY,50.3,148068,148063,56.9,142814,59.7,42030,78.7,97.4,165275,56.2,165265,63.5,157769,65.9,45400,85,Low-Mod,High VC/Low-Mod SVI,High VC/Low-Mod SVI,High VC/Low-Mod SVI,High VC/Low-Mod SVI
97,2021-06-16T00:00:00.000,36027,24,Dutchess County,NY,50.7,149183,149178,57.4,143598,60,42102,78.8,97.4,165770,56.3,165760,63.7,158140,66.1,45451,85.1,Low-Mod,High VC/Low-Mod SVI,High VC/Low-Mod SVI,High VC/Low-Mod SVI,High VC/Low-Mod SVI
96,2021-06-17T00:00:00.000,36027,24,Dutchess County,NY,51,150016,150011,57.7,144298,60.3,42198,79,97.4,166271,56.5,166261,63.9,158560,66.3,45516,85.2,Low-Mod,High VC/Low-Mod SVI,High VC/Low-Mod SVI,High VC/Low-Mod SVI,High VC/Low-Mod SVI
95,2021-06-18T00:00:00.000,36027,24,Dutchess County,NY,51.1,150420,150415,57.8,144631,60.4,42231,79.1,97.4,166516,56.6,166506,64,158748,66.3,45545,85.3,Low-Mod,High VC/Low-Mod SVI,High VC/Low-Mod SVI,High VC/Low-Mod SVI,High VC/Low-Mod SVI
94,2021-06-19T00:00:00.000,36027,24,Dutchess County,NY,51.3,151076,151071,58.1,145151,60.6,42287,79.2,97.4,166984,56.8,166974,64.2,159157,66.5,45641,85.5,Low-Mod,High VC/Low-Mod SVI,High VC/Low-Mod SVI,High VC/Low-Mod SVI,High VC/Low-Mod SVI
93,2021-06-20T00:00:00.000,36027,25,Dutchess County,NY,51.5,151664,151659,58.3,145652,60.9,42378,79.4,97.4,167294,56.9,167284,64.3,159429,66.6,45662,85.5,Low-Mod,High VC/Low-Mod SVI,High VC/Low-Mod SVI,High VC/Low-Mod SVI,High VC/Low-Mod SVI
92,2021-06-21T00:00:00.000,36027,25,Dutchess County,NY,51.7,152072,152067,58.5,145965,61,42415,79.4,97.4,167478,56.9,167468,64.4,159583,66.7,45680,85.5,Low-Mod,High VC/Low-Mod SVI,High VC/Low-Mod SVI,High VC/Low-Mod SVI,High VC/Low-Mod SVI
91,2021-06-22T00:00:00.000,36027,25,Dutchess County,NY,51.8,152317,152312,58.6,146190,61.1,42452,79.5,97.4,167647,57,167637,64.5,159731,66.7,45695,85.6,Low-Mod,High VC/Low-Mod SVI,High VC/Low-Mod SVI,High VC/Low-Mod SVI,High VC/Low-Mod SVI
90,2021-06-23T00:00:00.000,36027,25,Dutchess County,NY,51.9,152648,152643,58.7,146482,61.2,42485,79.6,97.4,167873,57.1,167863,64.5,159901,66.8,45720,85.6,Low-Mod,High VC/Low-Mod SVI,High VC/Low-Mod SVI,High VC/Low-Mod SVI,High VC/Low-Mod SVI
89,2021-06-24T00:00:00.000,36027,25,Dutchess County,NY,52,153097,153092,58.9,146839,61.4,42526,79.6,97.4,168147,57.2,168137,64.6,160126,66.9,45764,85.7,Low-Mod,High VC/Low-Mod SVI,High VC/Low-Mod SVI,High VC/Low-Mod SVI,High VC/Low-Mod SVI
88,2021-06-25T00:00:00.000,36027,25,Dutchess County,NY,52.2,153437,153432,59,147103,61.5,42573,79.7,97.4,168412,57.2,168402,64.8,160355,67,45808,85.8,Low-Mod,High VC/Low-Mod SVI,High VC/Low-Mod SVI,High VC/Low-Mod SVI,High VC/Low-Mod SVI
87,2021-06-26T00:00:00.000,36027,25,Dutchess County,NY,52.3,153986,153981,59.2,147565,61.7,42633,79.8,97.4,168709,57.3,168699,64.9,160585,67.1,45836,85.8,Low-Mod,High VC/Low-Mod SVI,High VC/Low-Mod SVI,High VC/Low-Mod SVI,High VC/Low-Mod SVI
86,2021-06-27T00:00:00.000,36027,26,Dutchess County,NY,52.6,154810,154805,59.5,148311,62,42730,80,97.4,169187,57.5,169176,65,160992,67.3,45882,85.9,Low-Mod,High VC/Low-Mod SVI,High VC/Low-Mod SVI,High VC/Low-Mod SVI,High VC/Low-Mod SVI
85,2021-06-28T00:00:00.000,36027,26,Dutchess County,NY,52.6,154838,154833,59.5,148335,62,42732,80,97.4,169211,57.5,169200,65.1,161010,67.3,45883,85.9,Low-Mod,High VC/Low-Mod SVI,High VC/Low-Mod SVI,High VC/Low-Mod SVI,High VC/Low-Mod SVI
84,2021-06-29T00:00:00.000,36027,26,Dutchess County,NY,52.8,155216,155211,59.7,148606,62.1,42758,80.1,97.4,169509,57.6,169498,65.2,161241,67.4,45922,86,Low-Mod,High VC/Low-Mod SVI,High VC/Low-Mod SVI,High VC/Low-Mod SVI,High VC/Low-Mod SVI
83,2021-06-30T00:00:00.000,36027,26,Dutchess County,NY,52.8,155415,155410,59.8,148767,62.2,42776,80.1,97.4,169715,57.7,169704,65.3,161390,67.4,45944,86,Low-Mod,High VC/Low-Mod SVI,High VC/Low-Mod SVI,High VC/Low-Mod SVI,High VC/Low-Mod SVI
82,2021-07-01T00:00:00.000,36027,26,Dutchess County,NY,53,155864,155858,59.9,149151,62.3,42826,80.2,97.4,170071,57.8,170060,65.4,161677,67.6,45983,86.1,Low-Mod,High VC/Low-Mod SVI,High VC/Low-Mod SVI,High VC/Low-Mod SVI,High VC/Low-Mod SVI
81,2021-07-02T00:00:00.000,36027,26,Dutchess County,NY,53.1,156182,156176,60.1,149432,62.4,42877,80.3,97.4,170427,57.9,170416,65.5,161952,67.7,46020,86.2,Low-Mod,High VC/Low-Mod SVI,High VC/Low-Mod SVI,High VC/Low-Mod SVI,High VC/Low-Mod SVI
80,2021-07-03T00:00:00.000,36027,26,Dutchess County,NY,53.2,156423,156417,60.1,149622,62.5,42896,80.3,97.4,170681,58,170670,65.6,162162,67.8,46040,86.2,Low-Mod,High VC/Low-Mod SVI,High VC/Low-Mod SVI,High VC/Low-Mod SVI,High VC/Low-Mod SVI
79,2021-07-04T00:00:00.000,36027,27,Dutchess County,NY,53.2,156647,156641,60.2,149800,62.6,42922,80.4,97.4,170868,58.1,170857,65.7,162312,67.8,46051,86.2,Low-Mod,High VC/Low-Mod SVI,High VC/Low-Mod SVI,High VC/Low-Mod SVI,High VC/Low-Mod SVI
78,2021-07-05T00:00:00.000,36027,27,Dutchess County,NY,53.3,156772,156766,60.3,149904,62.6,42939,80.4,97.4,170986,58.1,170975,65.7,162405,67.9,46059,86.3,Low-Mod,High VC/Low-Mod SVI,High VC/Low-Mod SVI,High VC/Low-Mod SVI,High VC/Low-Mod SVI
77,2021-07-06T00:00:00.000,36027,27,Dutchess County,NY,53.3,156853,156847,60.3,149975,62.7,42944,80.4,97.4,171040,58.1,171029,65.8,162448,67.9,46063,86.3,Low-Mod,High VC/Low-Mod SVI,High VC/Low-Mod SVI,High VC/Low-Mod SVI,High VC/Low-Mod SVI
76,2021-07-07T00:00:00.000,36027,27,Dutchess County,NY,53.4,157016,157010,60.4,150096,62.7,42964,80.5,97.4,171177,58.2,171166,65.8,162558,67.9,46079,86.3,Low-Mod,High VC/Low-Mod SVI,High VC/Low-Mod SVI,High VC/Low-Mod SVI,High VC/Low-Mod SVI
75,2021-07-08T00:00:00.000,36027,27,Dutchess County,NY,53.5,157318,157312,60.5,150322,62.8,42988,80.5,97.4,171441,58.3,171430,65.9,162784,68,46103,86.3,Low-Mod,High VC/Low-Mod SVI,High VC/Low-Mod SVI,High VC/Low-Mod SVI,High VC/Low-Mod SVI
74,2021-07-09T00:00:00.000,36027,27,Dutchess County,NY,53.5,157541,157535,60.6,150505,62.9,43017,80.6,97.4,171656,58.3,171645,66,162958,68.1,46129,86.4,Low-Mod,High VC/Low-Mod SVI,High VC/Low-Mod SVI,High VC/Low-Mod SVI,High VC/Low-Mod SVI
73,2021-07-10T00:00:00.000,36027,27,Dutchess County,NY,53.6,157808,157802,60.7,150714,63,43043,80.6,97.4,171871,58.4,171860,66.1,163134,68.2,46154,86.4,Low-Mod,High VC/Low-Mod SVI,High VC/Low-Mod SVI,High VC/Low-Mod SVI,High VC/Low-Mod SVI
72,2021-07-11T00:00:00.000,36027,28,Dutchess County,NY,53.7,158057,158051,60.8,150926,63.1,43062,80.6,97.4,172088,58.5,172077,66.2,163319,68.2,46179,86.5,Low-Mod,High VC/Low-Mod SVI,High VC/Low-Mod SVI,High VC/Low-Mod SVI,High VC/Low-Mod SVI
71,2021-07-12T00:00:00.000,36027,28,Dutchess County,NY,53.8,158184,158178,60.8,151035,63.1,43066,80.6,97.4,172200,58.5,172189,66.2,163403,68.3,46187,86.5,Low-Mod,High VC/Low-Mod SVI,High VC/Low-Mod SVI,High VC/Low-Mod SVI,High VC/Low-Mod SVI
70,2021-07-13T00:00:00.000,36027,28,Dutchess County,NY,53.8,158275,158269,60.9,151107,63.1,43074,80.7,97.4,172281,58.6,172270,66.2,163472,68.3,46194,86.5,Low-Mod,High VC/Low-Mod SVI,High VC/Low-Mod SVI,High VC/Low-Mod SVI,High VC/Low-Mod SVI
69,2021-07-14T00:00:00.000,36027,28,Dutchess County,NY,53.9,158473,158467,60.9,151260,63.2,43090,80.7,97.4,172479,58.6,172468,66.3,163604,68.4,46207,86.5,Low-Mod,High VC/Low-Mod SVI,High VC/Low-Mod SVI,High VC/Low-Mod SVI,High VC/Low-Mod SVI
68,2021-07-15T00:00:00.000,36027,28,Dutchess County,NY,54,158733,158727,61,151467,63.3,43116,80.7,97.4,172764,58.7,172753,66.4,163830,68.5,46228,86.6,Low-Mod,High VC/Low-Mod SVI,High VC/Low-Mod SVI,High VC/Low-Mod SVI,High VC/Low-Mod SVI
67,2021-07-16T00:00:00.000,36027,28,Dutchess County,NY,54,158929,158923,61.1,151628,63.4,43141,80.8,97.4,172945,58.8,172934,66.5,163976,68.5,46246,86.6,Low-Mod,High VC/Low-Mod SVI,High VC/Low-Mod SVI,High VC/Low-Mod SVI,High VC/Low-Mod SVI
66,2021-07-17T00:00:00.000,36027,28,Dutchess County,NY,54.1,159123,159117,61.2,151801,63.4,43174,80.9,97.4,173157,58.9,173146,66.6,164141,68.6,46265,86.6,Low-Mod,High VC/Low-Mod SVI,High VC/Low-Mod SVI,High VC/Low-Mod SVI,High VC/Low-Mod SVI
65,2021-07-18T00:00:00.000,36027,29,Dutchess County,NY,54.1,159258,159252,61.2,151904,63.5,43184,80.9,97.4,173333,58.9,173322,66.6,164277,68.6,46287,86.7,Low-Mod,High VC/Low-Mod SVI,High VC/Low-Mod SVI,High VC/Low-Mod SVI,High VC/Low-Mod SVI
64,2021-07-19T00:00:00.000,36027,29,Dutchess County,NY,54.2,159513,159507,61.3,152113,63.6,43210,80.9,97.4,173583,59,173572,66.7,164487,68.7,46313,86.7,Low-Mod,High VC/Low-Mod SVI,High VC/Low-Mod SVI,High VC/Low-Mod SVI,High VC/Low-Mod SVI
63,2021-07-20T00:00:00.000,36027,29,Dutchess County,NY,54.3,159636,159630,61.4,152204,63.6,43226,80.9,97.4,173708,59,173697,66.8,164591,68.8,46330,86.8,Low-Mod,High VC/Low-Mod SVI,High VC/Low-Mod SVI,High VC/Low-Mod SVI,High VC/Low-Mod SVI
62,2021-07-21T00:00:00.000,36027,29,Dutchess County,NY,54.3,159813,159807,61.4,152335,63.7,43248,81,97.4,173933,59.1,173922,66.9,164761,68.8,46357,86.8,Low-Mod,High VC/Low-Mod SVI,High VC/Low-Mod SVI,High VC/Low-Mod SVI,High VC/Low-Mod SVI
61,2021-07-22T00:00:00.000,36027,29,Dutchess County,NY,54.4,160123,160117,61.6,152575,63.8,43276,81,97.4,174264,59.2,174253,67,165042,69,46392,86.9,Low-Mod,High VC/Low-Mod SVI,High VC/Low-Mod SVI,High VC/Low-Mod SVI,High VC/Low-Mod SVI
60,2021-07-23T00:00:00.000,36027,29,Dutchess County,NY,54.5,160366,160360,61.7,152760,63.8,43309,81.1,97.4,174506,59.3,174495,67.1,165239,69,46419,86.9,Low-Mod,High VC/Low-Mod SVI,High VC/Low-Mod SVI,High VC/Low-Mod SVI,High VC/Low-Mod SVI
59,2021-07-24T00:00:00.000,36027,29,Dutchess County,NY,54.6,160599,160593,61.7,152943,63.9,43332,81.1,97.4,174810,59.4,174799,67.2,165487,69.1,46454,87,Low-Mod,High VC/Low-Mod SVI,High VC/Low-Mod SVI,High VC/Low-Mod SVI,High VC/Low-Mod SVI
58,2021-07-25T00:00:00.000,36027,30,Dutchess County,NY,54.7,160802,160796,61.8,153106,64,43342,81.2,97.4,175089,59.5,175078,67.3,165721,69.2,46481,87,Low-Mod,High VC/Low-Mod SVI,High VC/Low-Mod SVI,High VC/Low-Mod SVI,High VC/Low-Mod SVI
57,2021-07-26T00:00:00.000,36027,30,Dutchess County,NY,54.7,160911,160905,61.9,153197,64,43349,81.2,97.4,175229,59.6,175218,67.4,165840,69.3,46488,87.1,Low-Mod,High VC/Low-Mod SVI,High VC/Low-Mod SVI,High VC/Low-Mod SVI,High VC/Low-Mod SVI
56,2021-07-27T00:00:00.000,36027,30,Dutchess County,NY,54.7,161045,161039,61.9,153308,64.1,43361,81.2,97.4,175411,59.6,175400,67.4,165994,69.4,46505,87.1,Low-Mod,High VC/Low-Mod SVI,High VC/Low-Mod SVI,High VC/Low-Mod SVI,High VC/Low-Mod SVI
55,2021-07-28T00:00:00.000,36027,30,Dutchess County,NY,54.8,161178,161172,62,153414,64.1,43374,81.2,97.4,175644,59.7,175633,67.5,166194,69.4,46534,87.1,Low-Mod,High VC/Low-Mod SVI,High VC/Low-Mod SVI,High VC/Low-Mod SVI,High VC/Low-Mod SVI
54,2021-07-29T00:00:00.000,36027,30,Dutchess County,NY,54.9,161423,161417,62.1,153623,64.2,43401,81.3,97.5,176022,59.8,176011,67.7,166506,69.6,46583,87.2,Low-Mod,High VC/Low-Mod SVI,High VC/Low-Mod SVI,High VC/Low-Mod SVI,High VC/Low-Mod SVI
53,2021-07-30T00:00:00.000,36027,30,Dutchess County,NY,55,161675,161669,62.2,153838,64.3,43429,81.3,97.5,176365,59.9,176354,67.8,166801,69.7,46617,87.3,Low-Mod,High VC/Low-Mod SVI,High VC/Low-Mod SVI,High VC/Low-Mod SVI,High VC/Low-Mod SVI
52,2021-07-31T00:00:00.000,36027,30,Dutchess County,NY,55,161897,161891,62.2,154026,64.4,43452,81.4,97.5,176690,60.1,176679,67.9,167065,69.8,46640,87.3,Low-Mod,High VC/Low-Mod SVI,High VC/Low-Mod SVI,High VC/Low-Mod SVI,High VC/Low-Mod SVI
51,2021-08-01T00:00:00.000,36027,31,Dutchess County,NY,55.1,162115,162109,62.3,154218,64.4,43464,81.4,97.5,177016,60.2,177005,68.1,167338,69.9,46672,87.4,Low-Mod,High VC/Low-Mod SVI,High VC/Low-Mod SVI,High VC/Low-Mod SVI,High VC/Low-Mod SVI
50,2021-08-02T00:00:00.000,36027,31,Dutchess County,NY,55.1,162224,162218,62.4,154304,64.5,43470,81.4,97.5,177235,60.2,177223,68.1,167523,70,46686,87.4,Low-Mod,High VC/Low-Mod SVI,High VC/Low-Mod SVI,High VC/Low-Mod SVI,High VC/Low-Mod SVI
49,2021-08-03T00:00:00.000,36027,31,Dutchess County,NY,55.2,162375,162369,62.4,154430,64.5,43486,81.4,97.5,177473,60.3,177461,68.2,167725,70.1,46707,87.5,Low-Mod,High VC/Low-Mod SVI,High VC/Low-Mod SVI,High VC/Low-Mod SVI,High VC/Low-Mod SVI
48,2021-08-04T00:00:00.000,36027,31,Dutchess County,NY,55.3,162572,162566,62.5,154572,64.6,43506,81.5,97.5,177779,60.4,177767,68.4,167976,70.2,46747,87.5,Low-Mod,High VC/Low-Mod SVI,High VC/Low-Mod SVI,High VC/Low-Mod SVI,High VC/Low-Mod SVI
47,2021-08-05T00:00:00.000,36027,31,Dutchess County,NY,55.3,162844,162838,62.6,154783,64.7,43527,81.5,97.5,178166,60.6,178154,68.5,168287,70.3,46789,87.6,Low-Mod,High VC/Low-Mod SVI,High VC/Low-Mod SVI,High VC/Low-Mod SVI,High VC/Low-Mod SVI
46,2021-08-06T00:00:00.000,36027,31,Dutchess County,NY,55.4,163093,163087,62.7,154995,64.8,43550,81.6,97.5,178640,60.7,178628,68.7,168690,70.5,46840,87.7,Low-Mod,High VC/Low-Mod SVI,High VC/Low-Mod SVI,High VC/Low-Mod SVI,High VC/Low-Mod SVI
45,2021-08-07T00:00:00.000,36027,31,Dutchess County,NY,55.5,163305,163299,62.8,155153,64.8,43579,81.6,97.5,179035,60.9,179023,68.8,169008,70.6,46876,87.8,Low-Mod,High VC/Low-Mod SVI,High VC/Low-Mod SVI,High VC/Low-Mod SVI,High VC/Low-Mod SVI
44,2021-08-08T00:00:00.000,36027,32,Dutchess County,NY,55.6,163504,163498,62.9,155309,64.9,43598,81.6,97.5,179405,61,179393,69,169327,70.8,46919,87.9,Low-Mod,High VC/Low-Mod SVI,High VC/Low-Mod SVI,High VC/Low-Mod SVI,High VC/Low-Mod SVI
43,2021-08-09T00:00:00.000,36027,32,Dutchess County,NY,55.6,163588,163582,62.9,155378,64.9,43611,81.7,97.5,179574,61,179562,69,169470,70.8,46931,87.9,Low-Mod,High VC/Low-Mod SVI,High VC/Low-Mod SVI,High VC/Low-Mod SVI,High VC/Low-Mod SVI
42,2021-08-10T00:00:00.000,36027,32,Dutchess County,NY,55.6,163719,163713,62.9,155479,65,43627,81.7,97.5,179821,61.1,179809,69.1,169666,70.9,46954,87.9,Low-Mod,High VC/Low-Mod SVI,High VC/Low-Mod SVI,High VC/Low-Mod SVI,High VC/Low-Mod SVI
41,2021-08-11T00:00:00.000,36027,32,Dutchess County,NY,55.7,163919,163913,63.0,155637,65,43645,81.7,97.5,180138,61.2,180126,69.3,169921,71,46978,88,Low-Mod,High VC/Low-Mod SVI,High VC/Low-Mod SVI,High VC/Low-Mod SVI,High VC/Low-Mod SVI
40,2021-08-12T00:00:00.000,36027,32,Dutchess County,NY,55.8,164081,164075,63.1,155768,65.1,43660,81.8,97.5,180379,61.3,180367,69.4,170115,71.1,46996,88,Low-Mod,High VC/Low-Mod SVI,High VC/Low-Mod SVI,High VC/Low-Mod SVI,High VC/Low-Mod SVI
39,2021-08-13T00:00:00.000,36027,32,Dutchess County,NY,55.9,164424,164418,63.2,156041,65.2,43696,81.8,97.5,180852,61.5,180840,69.5,170486,71.2,47036,88.1,Low-Mod,High VC/Low-Mod SVI,High VC/Low-Mod SVI,High VC/Low-Mod SVI,High VC/Low-Mod SVI
38,2021-08-14T00:00:00.000,36027,32,Dutchess County,NY,56,164677,164671,63.3,156241,65.3,43721,81.9,97.5,181216,61.6,181204,69.7,170761,71.4,47066,88.1,Low-Mod,High VC/Low-Mod SVI,High VC/Low-Mod SVI,High VC/Low-Mod SVI,High VC/Low-Mod SVI
37,2021-08-15T00:00:00.000,36027,33,Dutchess County,NY,56,164773,164767,63.4,156323,65.3,43729,81.9,97.5,181391,61.7,181379,69.7,170893,71.4,47075,88.2,Low-Mod,High VC/Low-Mod SVI,High VC/Low-Mod SVI,High VC/Low-Mod SVI,High VC/Low-Mod SVI
36,2021-08-16T00:00:00.000,36027,33,Dutchess County,NY,56.1,165025,165019,63.5,156538,65.4,43756,81.9,97.5,181767,61.8,181755,69.9,171197,71.5,47101,88.2,Low-Mod,High VC/Low-Mod SVI,High VC/Low-Mod SVI,High VC/Low-Mod SVI,High VC/Low-Mod SVI
35,2021-08-17T00:00:00.000,36027,33,Dutchess County,NY,56.1,165152,165146,63.5,156645,65.5,43790,82,97.5,181961,61.8,181949,70.0,171362,71.6,47124,88.2,Low-Mod,High VC/Low-Mod SVI,High VC/Low-Mod SVI,High VC/Low-Mod SVI,High VC/Low-Mod SVI
34,2021-08-18T00:00:00.000,36027,33,Dutchess County,NY,56.3,165509,165503,63.6,156941,65.6,43834,82.1,97.5,182346,62,182334,70.1,171686,71.7,47178,88.3,Low-Mod,High VC/Low-Mod SVI,High VC/Low-Mod SVI,High VC/Low-Mod SVI,High VC/Low-Mod SVI
33,2021-08-19T00:00:00.000,36027,33,Dutchess County,NY,56.4,165822,165816,63.8,157200,65.7,43873,82.2,97.5,182733,62.1,182720,70.3,171996,71.9,47230,88.4,Low-Mod,High VC/Low-Mod SVI,High VC/Low-Mod SVI,High VC/Low-Mod SVI,High VC/Low-Mod SVI
32,2021-08-20T00:00:00.000,36027,33,Dutchess County,NY,56.5,166096,166090,63.9,157429,65.8,43906,82.2,97.5,183116,62.2,183103,70.4,172314,72,47284,88.5,Low-Mod,High VC/Low-Mod SVI,High VC/Low-Mod SVI,High VC/Low-Mod SVI,High VC/Low-Mod SVI
31,2021-08-21T00:00:00.000,36027,33,Dutchess County,NY,56.6,166400,166394,64.0,157668,65.9,43942,82.3,97.5,183537,62.4,183524,70.6,172666,72.1,47337,88.6,Low-Mod,High VC/Low-Mod SVI,High VC/Low-Mod SVI,High VC/Low-Mod SVI,High VC/Low-Mod SVI
30,2021-08-22T00:00:00.000,36027,34,Dutchess County,NY,56.6,166601,166595,64.1,157829,65.9,43959,82.3,97.5,183879,62.5,183866,70.7,172953,72.3,47373,88.7,Low-Mod,High VC/Low-Mod SVI,High VC/Low-Mod SVI,High VC/Low-Mod SVI,High VC/Low-Mod SVI
29,2021-08-23T00:00:00.000,36027,34,Dutchess County,NY,56.7,166819,166812,64.1,158009,66,43972,82.3,97.5,184138,62.6,184125,70.8,173165,72.4,47399,88.8,Low-Mod,High VC/Low-Mod SVI,High VC/Low-Mod SVI,High VC/Low-Mod SVI,High VC/Low-Mod SVI
28,2021-08-24T00:00:00.000,36027,34,Dutchess County,NY,56.8,166971,166964,64.2,158131,66.1,43982,82.4,97.5,184384,62.7,184371,70.9,173361,72.4,47423,88.8,Low-Mod,High VC/Low-Mod SVI,High VC/Low-Mod SVI,High VC/Low-Mod SVI,High VC/Low-Mod SVI
27,2021-08-25T00:00:00.000,36027,34,Dutchess County,NY,56.9,167284,167277,64.3,158382,66.2,44011,82.4,97.5,184784,62.8,184770,71.0,173689,72.6,47450,88.9,Low-Mod,High VC/Low-Mod SVI,High VC/Low-Mod SVI,High VC/Low-Mod SVI,High VC/Low-Mod SVI
26,2021-08-26T00:00:00.000,36027,34,Dutchess County,NY,57,167688,167681,64.5,158631,66.3,44060,82.5,97.5,185295,63,185281,71.2,174059,72.7,47492,88.9,Low-Mod,High VC/Low-Mod SVI,High VC/Low-Mod SVI,High VC/Low-Mod SVI,High VC/Low-Mod SVI
25,2021-08-27T00:00:00.000,36027,34,Dutchess County,NY,57.1,168137,168130,64.6,158925,66.4,44099,82.6,97.5,185792,63.1,185778,71.4,174457,72.9,47546,89,Low-Mod,High VC/Low-Mod SVI,High VC/Low-Mod SVI,High VC/Low-Mod SVI,High VC/Low-Mod SVI
24,2021-08-28T00:00:00.000,36027,34,Dutchess County,NY,57.3,168474,168467,64.8,159186,66.5,44133,82.6,97.5,186225,63.3,186211,71.6,174799,73,47582,89.1,Low-Mod,High VC/Low-Mod SVI,High VC/Low-Mod SVI,High VC/Low-Mod SVI,High VC/Low-Mod SVI
23,2021-08-29T00:00:00.000,36027,35,Dutchess County,NY,57.4,168749,168742,64.9,159415,66.6,44153,82.7,97.5,186549,63.4,186535,71.7,175071,73.2,47607,89.2,Low-Mod,High VC/Low-Mod SVI,High VC/Low-Mod SVI,High VC/Low-Mod SVI,High VC/Low-Mod SVI
22,2021-08-30T00:00:00.000,36027,35,Dutchess County,NY,57.4,168983,168976,65.0,159613,66.7,44179,82.7,97.5,186880,63.5,186866,71.9,175363,73.3,47629,89.2,Low-Mod,High VC/Low-Mod SVI,High VC/Low-Mod SVI,High VC/Low-Mod SVI,High VC/Low-Mod SVI
21,2021-08-31T00:00:00.000,36027,35,Dutchess County,NY,57.5,169165,169158,65.0,159755,66.8,44201,82.8,97.5,187140,63.6,187126,72.0,175574,73.4,47643,89.2,Low-Mod,High VC/Low-Mod SVI,High VC/Low-Mod SVI,High VC/Low-Mod SVI,High VC/Low-Mod SVI
20,2021-09-01T00:00:00.000,36027,35,Dutchess County,NY,57.6,169542,169535,65.2,160045,66.9,44236,82.8,97.5,187450,63.7,187436,72.1,175836,73.5,47678,89.3,Low-Mod,High VC/Low-Mod SVI,High VC/Low-Mod SVI,High VC/Low-Mod SVI,High VC/Low-Mod SVI
19,2021-09-02T00:00:00.000,36027,35,Dutchess County,NY,57.8,169912,169905,65.3,160332,67,44281,82.9,97.5,187854,63.8,187840,72.2,176161,73.6,47712,89.3,Low-Mod,High VC/Low-Mod SVI,High VC/Low-Mod SVI,High VC/Low-Mod SVI,High VC/Low-Mod SVI
18,2021-09-03T00:00:00.000,36027,35,Dutchess County,NY,57.8,170161,170154,65.4,160521,67.1,44310,83,97.5,188075,63.9,188061,72.3,176354,73.7,47735,89.4,B,8,8,8,8
17,2021-09-04T00:00:00.000,36027,35,Dutchess County,NY,57.9,170368,170361,65.5,160673,67.1,44328,83,97.5,188322,64,188308,72.4,176562,73.8,47756,89.4,B,8,8,8,8
16,2021-09-05T00:00:00.000,36027,36,Dutchess County,NY,58,170633,170626,65.6,160868,67.2,44355,83.1,97.5,188587,64.1,188573,72.5,176785,73.9,47778,89.5,B,8,8,8,8
15,2021-09-06T00:00:00.000,36027,36,Dutchess County,NY,58,170768,170761,65.7,160981,67.3,44362,83.1,97.5,188698,64.1,188684,72.6,176874,73.9,47788,89.5,B,8,8,8,8
14,2021-09-07T00:00:00.000,36027,36,Dutchess County,NY,58.1,171055,171048,65.8,161209,67.4,44376,83.1,97.5,189087,64.3,189073,72.7,177193,74,47804,89.5,B,8,8,8,8
13,2021-09-08T00:00:00.000,36027,36,Dutchess County,NY,58.2,171292,171285,65.9,161389,67.4,44395,83.1,97.5,189291,64.3,189277,72.8,177367,74.1,47834,89.6,B,8,8,8,8
12,2021-09-09T00:00:00.000,36027,36,Dutchess County,NY,58.3,171555,171548,66.0,161609,67.5,44424,83.2,97.5,189556,64.4,189540,72.9,177580,74.2,47869,89.6,B,8,8,8,8
11,2021-09-10T00:00:00.000,36027,36,Dutchess County,NY,58.4,171887,171879,66.1,161880,67.6,44450,83.2,97.5,189836,64.5,189820,73.0,177821,74.3,47907,89.7,B,8,8,8,8
10,2021-09-11T00:00:00.000,36027,36,Dutchess County,NY,58.5,172173,172165,66.2,162111,67.7,44481,83.3,97.5,190133,64.6,190117,73.1,178089,74.4,47936,89.8,B,8,8,8,8
9,2021-09-12T00:00:00.000,36027,37,Dutchess County,NY,58.6,172501,172493,66.3,162370,67.8,44504,83.3,97.5,190436,64.7,190420,73.2,178345,74.5,47966,89.8,B,8,8,8,8
8,2021-09-13T00:00:00.000,36027,37,Dutchess County,NY,58.7,172684,172676,66.4,162523,67.9,44516,83.4,97.5,190613,64.8,190597,73.3,178495,74.6,47988,89.9,B,8,8,8,8
7,2021-09-14T00:00:00.000,36027,37,Dutchess County,NY,58.8,172877,172869,66.5,162692,68,44535,83.4,97.5,190766,64.8,190749,73.3,178633,74.6,48012,89.9,B,8,8,8,8
6,2021-09-15T00:00:00.000,36027,37,Dutchess County,NY,58.9,173184,173176,66.6,162955,68.1,44561,83.4,97.5,190998,64.9,190981,73.4,178842,74.7,48044,90,B,8,8,8,8
5,2021-09-16T00:00:00.000,36027,37,Dutchess County,NY,59,173564,173556,66.7,163280,68.2,44593,83.5,97.5,191308,65,191291,73.6,179117,74.8,48068,90,B,8,8,8,8
4,2021-09-17T00:00:00.000,36027,37,Dutchess County,NY,59.1,173915,173907,66.9,163572,68.3,44618,83.6,97.5,191533,65.1,191516,73.6,179330,74.9,48093,90.1,B,8,8,8,8
3,2021-09-18T00:00:00.000,36027,37,Dutchess County,NY,59.2,174306,174298,67.0,163912,68.5,44652,83.6,97.5,191800,65.2,191783,73.7,179562,75,48120,90.1,B,8,8,8,8
2,2021-09-19T00:00:00.000,36027,38,Dutchess County,NY,59.4,174649,174641,67.2,164188,68.6,44674,83.7,97.5,192043,65.3,192026,73.8,179766,75.1,48144,90.2,B,8,8,8,8
1,2021-09-20T00:00:00.000,36027,38,Dutchess County,NY,59.4,174911,174903,67.3,164410,68.7,44689,83.7,97.5,192203,65.3,192186,73.9,179908,75.2,48159,90.2,B,8,8,8,8
0,2021-09-21T00:00:00.000,36027,38,Dutchess County,NY,59.5,175072,175064,67.3,164538,68.8,44701,83.7,97.5,192429,65.4,192412,74.0,180111,75.3,48183,90.2,B,8,8,8,8
